,provider_state,provider_name,provider_city,icd_category,total_discharges,year
0,AL,CHEROKEE MEDICAL CENTER,CENTRE,D28,47,2011
1,AL,CHEROKEE MEDICAL CENTER,CENTRE,D18,38,2011
2,AL,CHEROKEE MEDICAL CENTER,CENTRE,D31,27,2011
3,AL,CHEROKEE MEDICAL CENTER,CENTRE,I02,25,2011
4,AL,CHEROKEE MEDICAL CENTER,CENTRE,J01,22,2011
5,AL,CHEROKEE MEDICAL CENTER,CENTRE,I01,21,2011
6,AL,CHEROKEE MEDICAL CENTER,CENTRE,J02,20,2011
7,AL,CHEROKEE MEDICAL CENTER,CENTRE,D22,13,2011
8,AL,CHEROKEE MEDICAL CENTER,CENTRE,R82,13,2011
9,AL,CHEROKEE MEDICAL CENTER,CENTRE,Y07,11,2011
10,AL,CHEROKEE MEDICAL CENTER,CENTRE,D28,37,2012
11,AL,CHEROKEE MEDICAL CENTER,CENTRE,D18,26,2012
12,AL,CHEROKEE MEDICAL CENTER,CENTRE,J01,26,2012
13,AL,CHEROKEE MEDICAL CENTER,CENTRE,J02,20,2012
14,AL,CHEROKEE MEDICAL CENTER,CENTRE,D31,17,2012
15,AL,CHEROKEE MEDICAL CENTER,CENTRE,I02,15,2012
16,AL,CHEROKEE MEDICAL CENTER,CENTRE,D11,13,2012
17,AL,CHEROKEE MEDICAL CENTER,CENTRE,R82,12,2012
18,AL,CHEROKEE MEDICAL CENTER,CENTRE,I01,11,2012
19,AL,CHEROKEE MEDICAL CENTER,CENTRE,D18,26,2013
20,AL,CHEROKEE MEDICAL CENTER,CENTRE,D28,26,2013
21,AL,CHEROKEE MEDICAL CENTER,CENTRE,J01,25,2013
22,AL,CHEROKEE MEDICAL CENTER,CENTRE,D31,24,2013
23,AL,CHEROKEE MEDICAL CENTER,CENTRE,J02,19,2013
24,AL,CHEROKEE MEDICAL CENTER,CENTRE,R82,19,2013
25,AL,CHEROKEE MEDICAL CENTER,CENTRE,I01,18,2013
26,AL,CHEROKEE MEDICAL CENTER,CENTRE,I02,14,2013
27,AL,CHEROKEE MEDICAL CENTER,CENTRE,J05,11,2013
28,AZ,ARIZONA SPINE AND JOINT HOSPITAL,MESA,D33,1480,2011
29,AZ,BANNER BAYWOOD MEDICAL CENTER,MESA,P11,992,2011
30,AZ,GILBERT HOSPITAL,GILBERT,D18,802,2011
31,AZ,ARIZONA REGIONAL MEDICAL CENTER,MESA,Y07,561,2011
32,AZ,GILBERT HOSPITAL,GILBERT,D11,555,2011
33,AZ,ARIZONA REGIONAL MEDICAL CENTER,MESA,J01,523,2011
34,AZ,BANNER HEART HOSPITAL,MESA,F90,511,2011
35,AZ,BANNER HEART HOSPITAL,MESA,A93,498,2011
36,AZ,ARIZONA REGIONAL MEDICAL CENTER,MESA,D31,465,2011
37,AZ,GILBERT HOSPITAL,GILBERT,D22,457,2011
38,AZ,ARIZONA SPINE AND JOINT HOSPITAL,MESA,D33,1445,2012
39,AZ,BANNER IRONWOOD MEDICAL CENTER,SAN TAN VALLEY,P11,1160,2012
40,AZ,BANNER HEART HOSPITAL,MESA,D18,708,2012
41,AZ,BANNER HEART HOSPITAL,MESA,A93,505,2012
42,AZ,ARIZONA REGIONAL MEDICAL CENTER,MESA,D11,470,2012
43,AZ,BANNER HEART HOSPITAL,MESA,Y07,458,2012
44,AZ,ARIZONA REGIONAL MEDICAL CENTER,MESA,D22,440,2012
45,AZ,ARIZONA REGIONAL MEDICAL CENTER,MESA,F53,424,2012
46,AZ,BANNER DESERT MEDICAL CENTER,MESA,P15,402,2012
47,AZ,ARIZONA REGIONAL MEDICAL CENTER,MESA,J05,389,2012
48,AZ,ARIZONA SPINE AND JOINT HOSPITAL,MESA,D33,1505,2013
49,AZ,BANNER BAYWOOD MEDICAL CENTER,MESA,P11,1306,2013
50,AZ,GILBERT HOSPITAL,GILBERT,D18,623,2013
51,AZ,ARIZONA REGIONAL MEDICAL CENTER,MESA,A93,479,2013
52,AZ,BANNER DESERT MEDICAL CENTER,MESA,P15,479,2013
53,AZ,GILBERT HOSPITAL,GILBERT,J01,443,2013
54,AZ,BANNER DESERT MEDICAL CENTER,MESA,F53,441,2013
55,AZ,ARIZONA REGIONAL MEDICAL CENTER,MESA,J05,440,2013
56,AZ,BANNER IRONWOOD MEDICAL CENTER,SAN TAN VALLEY,D11,417,2013
57,AZ,"FLORENCE HOSPITAL AT ANTHEM, LLC",FLORENCE,D22,393,2013
58,CA,ENLOE MEDICAL CENTER,CHICO,D33,1371,2011
59,CA,UKIAH VALLEY MEDICAL CENTER/HOSPITAL D,UKIAH,P11,862,2011
60,CA,UKIAH VALLEY MEDICAL CENTER/HOSPITAL D,UKIAH,D18,489,2011
61,CA,UKIAH VALLEY MEDICAL CENTER/HOSPITAL D,UKIAH,R82,457,2011
62,CA,ENLOE MEDICAL CENTER,CHICO,T79,398,2011
63,CA,UKIAH VALLEY MEDICAL CENTER/HOSPITAL D,UKIAH,Y07,370,2011
64,CA,UKIAH VALLEY MEDICAL CENTER/HOSPITAL D,UKIAH,A93,353,2011
65,CA,UKIAH VALLEY MEDICAL CENTER/HOSPITAL D,UKIAH,P15,352,2011
66,CA,UKIAH VALLEY MEDICAL CENTER/HOSPITAL D,UKIAH,J05,351,2011
67,CA,UKIAH VALLEY MEDICAL CENTER/HOSPITAL D,UKIAH,J01,349,2011
68,CA,OROVILLE HOSPITAL,OROVILLE,D33,1477,2012
69,CA,UKIAH VALLEY MEDICAL CENTER/HOSPITAL D,UKIAH,P11,1036,2012
70,CA,UKIAH VALLEY MEDICAL CENTER/HOSPITAL D,UKIAH,J05,434,2012
71,CA,UKIAH VALLEY MEDICAL CENTER/HOSPITAL D,UKIAH,R82,425,2012
72,CA,UKIAH VALLEY MEDICAL CENTER/HOSPITAL D,UKIAH,P15,414,2012
73,CA,UKIAH VALLEY MEDICAL CENTER/HOSPITAL D,UKIAH,D18,396,2012
74,CA,UKIAH VALLEY MEDICAL CENTER/HOSPITAL D,UKIAH,Y07,374,2012
75,CA,UKIAH VALLEY MEDICAL CENTER/HOSPITAL D,UKIAH,A93,360,2012
76,CA,UKIAH VALLEY MEDICAL CENTER/HOSPITAL D,UKIAH,J01,353,2012
77,CA,ENLOE MEDICAL CENTER,CHICO,D22,345,2012
78,CA,UKIAH VALLEY MEDICAL CENTER/HOSPITAL D,UKIAH,P11,1797,2013
79,CA,ENLOE MEDICAL CENTER,CHICO,D33,1315,2013
80,CA,UKIAH VALLEY MEDICAL CENTER/HOSPITAL D,UKIAH,P15,604,2013
81,CA,UKIAH VALLEY MEDICAL CENTER/HOSPITAL D,UKIAH,D18,450,2013
82,CA,UKIAH VALLEY MEDICAL CENTER/HOSPITAL D,UKIAH,A93,433,2013
83,CA,UKIAH VALLEY MEDICAL CENTER/HOSPITAL D,UKIAH,J05,390,2013
84,CA,ENLOE MEDICAL CENTER,CHICO,T79,382,2013
85,CA,ST ELIZABETH COMMUNITY HOSPITAL,RED BLUFF,R82,338,2013
86,CA,UKIAH VALLEY MEDICAL CENTER/HOSPITAL D,UKIAH,R78,331,2013
87,CA,UKIAH VALLEY MEDICAL CENTER/HOSPITAL D,UKIAH,F53,326,2013
88,FL,JACKSON MEMORIAL HOSPITAL,MIAMI,T79,5480,2011
89,FL,WESTCHESTER GENERAL HOSPITAL,MIAMI,D33,4609,2011
90,FL,CLEVELAND CLINIC HOSPITAL,WESTON,D18,4485,2011
91,FL,DOUGLAS GARDENS HOSPITAL,MIAMI,D31,4005,2011
92,FL,SEVEN RIVERS REGIONAL MEDICAL CENTER,CRYSTAL RIVER,P11,3765,2011
93,FL,SEVEN RIVERS REGIONAL MEDICAL CENTER,CRYSTAL RIVER,Y07,3312,2011
94,FL,SEVEN RIVERS REGIONAL MEDICAL CENTER,CRYSTAL RIVER,A93,3164,2011
95,FL,CLEVELAND CLINIC HOSPITAL,WESTON,I01,2790,2011
96,FL,CLEVELAND CLINIC HOSPITAL,WESTON,F90,2692,2011
97,FL,CLEVELAND CLINIC HOSPITAL,WESTON,J01,2587,2011
98,FL,JACKSON MEMORIAL HOSPITAL,MIAMI,T79,5324,2012
99,FL,WESTCHESTER GENERAL HOSPITAL,MIAMI,P11,4287,2012
100,FL,CLEVELAND CLINIC HOSPITAL,WESTON,D33,4089,2012
101,FL,DOUGLAS GARDENS HOSPITAL,MIAMI,D31,3910,2012
102,FL,CLEVELAND CLINIC HOSPITAL,WESTON,D18,3684,2012
103,FL,CLEVELAND CLINIC HOSPITAL,WESTON,Y07,3023,2012
104,FL,CITRUS MEMORIAL HOSPITAL,INVERNESS,A93,3011,2012
105,FL,CLEVELAND CLINIC HOSPITAL,WESTON,I01,2490,2012
106,FL,CLEVELAND CLINIC HOSPITAL,WESTON,D11,2404,2012
107,FL,CLEVELAND CLINIC HOSPITAL,WESTON,J01,2378,2012
108,FL,JACKSON MEMORIAL HOSPITAL,MIAMI,T79,5112,2013
109,FL,CITRUS MEMORIAL HOSPITAL,INVERNESS,P11,4723,2013
110,FL,JACKSON MEMORIAL HOSPITAL,MIAMI,D33,4408,2013
111,FL,DOUGLAS GARDENS HOSPITAL,MIAMI,D31,3546,2013
112,FL,CLEVELAND CLINIC HOSPITAL,WESTON,D18,3477,2013
113,FL,SEVEN RIVERS REGIONAL MEDICAL CENTER,CRYSTAL RIVER,A93,3006,2013
114,FL,SEVEN RIVERS REGIONAL MEDICAL CENTER,CRYSTAL RIVER,Y07,2761,2013
115,FL,SEVEN RIVERS REGIONAL MEDICAL CENTER,CRYSTAL RIVER,D11,2466,2013
116,FL,CLEVELAND CLINIC HOSPITAL,WESTON,I01,2415,2013
117,FL,CLEVELAND CLINIC HOSPITAL,WESTON,R82,2317,2013
118,GA,TAYLOR REGIONAL HOSPITAL,HAWKINSVILLE,P11,1299,2011
119,GA,TAYLOR REGIONAL HOSPITAL,HAWKINSVILLE,D33,1292,2011
120,GA,DORMINY MEDICAL CENTER,FITZGERALD,Y07,976,2011
121,GA,HOUSTON MEDICAL CENTER,WARNER ROBINS,A97,967,2011
122,GA,TAYLOR REGIONAL HOSPITAL,HAWKINSVILLE,D11,967,2011
123,GA,TAYLOR REGIONAL HOSPITAL,HAWKINSVILLE,A93,908,2011
124,GA,TAYLOR REGIONAL HOSPITAL,HAWKINSVILLE,D18,878,2011
125,GA,TAYLOR REGIONAL HOSPITAL,HAWKINSVILLE,D31,873,2011
126,GA,CRISP REGIONAL HOSPITAL,CORDELE,R82,849,2011
127,GA,HOUSTON MEDICAL CENTER,WARNER ROBINS,D60,745,2011
128,GA,TAYLOR REGIONAL HOSPITAL,HAWKINSVILLE,P11,1405,2012
129,GA,TAYLOR REGIONAL HOSPITAL,HAWKINSVILLE,D33,1298,2012
130,GA,FLOYD MEDICAL CENTER,ROME,A97,914,2012
131,GA,DORMINY MEDICAL CENTER,FITZGERALD,D11,884,2012
132,GA,CRISP REGIONAL HOSPITAL,CORDELE,Y07,851,2012
133,GA,DORMINY MEDICAL CENTER,FITZGERALD,D31,848,2012
134,GA,DORMINY MEDICAL CENTER,FITZGERALD,A93,831,2012
135,GA,TAYLOR REGIONAL HOSPITAL,HAWKINSVILLE,D18,801,2012
136,GA,CRISP REGIONAL HOSPITAL,CORDELE,R82,769,2012
137,GA,TAYLOR REGIONAL HOSPITAL,HAWKINSVILLE,J01,701,2012
138,GA,TAYLOR REGIONAL HOSPITAL,HAWKINSVILLE,P11,1541,2013
139,GA,TAYLOR REGIONAL HOSPITAL,HAWKINSVILLE,D33,1197,2013
140,GA,DORMINY MEDICAL CENTER,FITZGERALD,D11,933,2013
141,GA,TAYLOR REGIONAL HOSPITAL,HAWKINSVILLE,R82,879,2013
142,GA,CRISP REGIONAL HOSPITAL,CORDELE,A93,844,2013
143,GA,TAYLOR REGIONAL HOSPITAL,HAWKINSVILLE,Y07,831,2013
144,GA,DORMINY MEDICAL CENTER,FITZGERALD,D31,783,2013
145,GA,IRWIN COUNTY HOSPITAL,OCILLA,J01,775,2013
146,GA,CRISP REGIONAL HOSPITAL,CORDELE,D20,753,2013
147,GA,HOUSTON MEDICAL CENTER,WARNER ROBINS,A97,727,2013
148,IA,JENNIE EDMUNDSON HOSPITAL,COUNCIL BLUFFS,T79,510,2011
149,IA,JENNIE EDMUNDSON HOSPITAL,COUNCIL BLUFFS,D33,356,2011
150,IA,JENNIE EDMUNDSON HOSPITAL,COUNCIL BLUFFS,J01,115,2011
151,IA,JENNIE EDMUNDSON HOSPITAL,COUNCIL BLUFFS,D18,98,2011
152,IA,ALEGENT HEALTH MERCY HOSPITAL,COUNCIL BLUFFS,D28,88,2011
153,IA,JENNIE EDMUNDSON HOSPITAL,COUNCIL BLUFFS,D22,79,2011
154,IA,ALEGENT HEALTH MERCY HOSPITAL,COUNCIL BLUFFS,D11,78,2011
155,IA,JENNIE EDMUNDSON HOSPITAL,COUNCIL BLUFFS,I02,78,2011
156,IA,JENNIE EDMUNDSON HOSPITAL,COUNCIL BLUFFS,J05,75,2011
157,IA,JENNIE EDMUNDSON HOSPITAL,COUNCIL BLUFFS,Y07,74,2011
158,IA,JENNIE EDMUNDSON HOSPITAL,COUNCIL BLUFFS,T79,581,2012
159,IA,JENNIE EDMUNDSON HOSPITAL,COUNCIL BLUFFS,D33,357,2012
160,IA,JENNIE EDMUNDSON HOSPITAL,COUNCIL BLUFFS,J01,106,2012
161,IA,JENNIE EDMUNDSON HOSPITAL,COUNCIL BLUFFS,P11,95,2012
162,IA,JENNIE EDMUNDSON HOSPITAL,COUNCIL BLUFFS,J05,92,2012
163,IA,JENNIE EDMUNDSON HOSPITAL,COUNCIL BLUFFS,I01,90,2012
164,IA,JENNIE EDMUNDSON HOSPITAL,COUNCIL BLUFFS,Y07,83,2012
165,IA,JENNIE EDMUNDSON HOSPITAL,COUNCIL BLUFFS,D22,78,2012
166,IA,JENNIE EDMUNDSON HOSPITAL,COUNCIL BLUFFS,D31,66,2012
167,IA,JENNIE EDMUNDSON HOSPITAL,COUNCIL BLUFFS,A93,65,2012
168,IA,JENNIE EDMUNDSON HOSPITAL,COUNCIL BLUFFS,R82,65,2012
169,IA,METHODIST JENNIE EDMUNDSON,COUNCIL BLUFFS,T79,604,2013
170,IA,METHODIST JENNIE EDMUNDSON,COUNCIL BLUFFS,D33,358,2013
171,IA,METHODIST JENNIE EDMUNDSON,COUNCIL BLUFFS,J01,107,2013
172,IA,METHODIST JENNIE EDMUNDSON,COUNCIL BLUFFS,P11,106,2013
173,IA,METHODIST JENNIE EDMUNDSON,COUNCIL BLUFFS,J05,84,2013
174,IA,METHODIST JENNIE EDMUNDSON,COUNCIL BLUFFS,A93,72,2013
175,IA,METHODIST JENNIE EDMUNDSON,COUNCIL BLUFFS,D23,72,2013
176,IA,METHODIST JENNIE EDMUNDSON,COUNCIL BLUFFS,Y07,72,2013
177,IA,METHODIST JENNIE EDMUNDSON,COUNCIL BLUFFS,D18,67,2013
178,IA,METHODIST JENNIE EDMUNDSON,COUNCIL BLUFFS,I01,63,2013
179,ID,ST LUKES MAGIC VALLEY RMC,TWIN FALLS,D33,1307,2011
180,ID,SAINT ALPHONSUS MEDICAL CENTER - NAMPA,NAMPA,P11,636,2011
181,ID,WEST VALLEY MEDICAL CENTER,CALDWELL,T79,376,2011
182,ID,ST ALPHONSUS REGIONAL MEDICAL CENTER,BOISE,J01,342,2011
183,ID,SAINT ALPHONSUS MEDICAL CENTER - NAMPA,NAMPA,D32,303,2011
184,ID,ST ALPHONSUS REGIONAL MEDICAL CENTER,BOISE,P15,263,2011
185,ID,ST ALPHONSUS REGIONAL MEDICAL CENTER,BOISE,Y07,257,2011
186,ID,ST ALPHONSUS REGIONAL MEDICAL CENTER,BOISE,D18,248,2011
187,ID,SAINT ALPHONSUS MEDICAL CENTER - NAMPA,NAMPA,D11,238,2011
188,ID,ST ALPHONSUS REGIONAL MEDICAL CENTER,BOISE,J05,211,2011
189,ID,SAINT ALPHONSUS MEDICAL CENTER - NAMPA,NAMPA,D33,1284,2012
190,ID,SAINT ALPHONSUS MEDICAL CENTER - NAMPA,NAMPA,P11,876,2012
191,ID,WEST VALLEY MEDICAL CENTER,CALDWELL,T79,333,2012
192,ID,WEST VALLEY MEDICAL CENTER,CALDWELL,P15,299,2012
193,ID,ST ALPHONSUS REGIONAL MEDICAL CENTER,BOISE,D32,289,2012
194,ID,SAINT ALPHONSUS MEDICAL CENTER - NAMPA,NAMPA,D11,247,2012
195,ID,SAINT ALPHONSUS MEDICAL CENTER - NAMPA,NAMPA,D18,247,2012
196,ID,ST ALPHONSUS REGIONAL MEDICAL CENTER,BOISE,F53,235,2012
197,ID,SAINT ALPHONSUS MEDICAL CENTER - NAMPA,NAMPA,Y07,227,2012
198,ID,ST ALPHONSUS REGIONAL MEDICAL CENTER,BOISE,R78,222,2012
199,ID,SAINT ALPHONSUS MEDICAL CENTER - NAMPA,NAMPA,D33,1305,2013
200,ID,ST LUKE'S MAGIC VALLEY RMC,TWIN FALLS,P11,1095,2013
201,ID,ST ALPHONSUS REGIONAL MEDICAL CENTER,BOISE,P15,358,2013
202,ID,WEST VALLEY MEDICAL CENTER,CALDWELL,T79,315,2013
203,ID,ST ALPHONSUS REGIONAL MEDICAL CENTER,BOISE,D32,314,2013
204,ID,ST LUKE'S MAGIC VALLEY RMC,TWIN FALLS,R78,264,2013
205,ID,ST ALPHONSUS REGIONAL MEDICAL CENTER,BOISE,Y07,251,2013
206,ID,SAINT ALPHONSUS MEDICAL CENTER - NAMPA,NAMPA,A93,239,2013
207,ID,ST ALPHONSUS REGIONAL MEDICAL CENTER,BOISE,D11,235,2013
208,ID,SAINT ALPHONSUS MEDICAL CENTER - NAMPA,NAMPA,D18,233,2013
209,IL,CENTEGRA HEALTH SYSTEM - MC HENRY HOSPITAL,MCHENRY,D33,889,2011
210,IL,ADVOCATE GOOD SHEPHERD HOSPITAL,BARRINGTON,P11,757,2011
211,IL,ADVOCATE GOOD SHEPHERD HOSPITAL,BARRINGTON,D18,720,2011
212,IL,ADVOCATE GOOD SHEPHERD HOSPITAL,BARRINGTON,D31,511,2011
213,IL,ADVOCATE GOOD SHEPHERD HOSPITAL,BARRINGTON,A93,503,2011
214,IL,ADVOCATE GOOD SHEPHERD HOSPITAL,BARRINGTON,J01,495,2011
215,IL,CENTEGRA HEALTH SYSTEM - MC HENRY HOSPITAL,MCHENRY,Y07,467,2011
216,IL,CENTEGRA HEALTH SYSTEM - MC HENRY HOSPITAL,MCHENRY,J05,420,2011
217,IL,ADVOCATE GOOD SHEPHERD HOSPITAL,BARRINGTON,D28,408,2011
218,IL,ADVOCATE GOOD SHEPHERD HOSPITAL,BARRINGTON,D11,406,2011
219,IL,CENTEGRA HEALTH SYSTEM - MC HENRY HOSPITAL,MCHENRY,D33,960,2012
220,IL,ADVOCATE GOOD SHEPHERD HOSPITAL,BARRINGTON,P11,738,2012
221,IL,ADVOCATE GOOD SHEPHERD HOSPITAL,BARRINGTON,D18,665,2012
222,IL,ADVOCATE GOOD SHEPHERD HOSPITAL,BARRINGTON,A93,509,2012
223,IL,CENTEGRA HEALTH SYSTEM - MC HENRY HOSPITAL,MCHENRY,D31,486,2012
224,IL,ADVOCATE GOOD SHEPHERD HOSPITAL,BARRINGTON,J01,448,2012
225,IL,CENTEGRA HEALTH SYSTEM - MC HENRY HOSPITAL,MCHENRY,D22,434,2012
226,IL,ADVOCATE GOOD SHEPHERD HOSPITAL,BARRINGTON,Y07,425,2012
227,IL,CENTEGRA HEALTH SYSTEM - MC HENRY HOSPITAL,MCHENRY,J05,401,2012
228,IL,CENTEGRA HEALTH SYSTEM - MC HENRY HOSPITAL,MCHENRY,R82,382,2012
229,IL,CENTEGRA HEALTH SYSTEM - MC HENRY HOSPITAL,MCHENRY,D33,1042,2013
230,IL,CENTEGRA HEALTH SYSTEM - MC HENRY HOSPITAL,MCHENRY,P11,772,2013
231,IL,CENTEGRA HEALTH SYSTEM - MC HENRY HOSPITAL,MCHENRY,D18,536,2013
232,IL,CENTEGRA HEALTH SYSTEM - MC HENRY HOSPITAL,MCHENRY,A93,474,2013
233,IL,CENTEGRA HEALTH SYSTEM - MC HENRY HOSPITAL,MCHENRY,J05,450,2013
234,IL,CENTEGRA HEALTH SYSTEM - MC HENRY HOSPITAL,MCHENRY,J01,433,2013
235,IL,ADVOCATE GOOD SHEPHERD HOSPITAL,BARRINGTON,D31,407,2013
236,IL,CENTEGRA HEALTH SYSTEM - MC HENRY HOSPITAL,MCHENRY,D22,404,2013
237,IL,ADVOCATE GOOD SHEPHERD HOSPITAL,BARRINGTON,R82,399,2013
238,IL,ADVOCATE GOOD SHEPHERD HOSPITAL,BARRINGTON,Y07,365,2013
239,IN,FRANCISCAN ST ANTHONY HEALTH - CROWN POINT,CROWN POINT,D33,894,2011
240,IN,METHODIST HOSPITALS INC,GARY,Y07,735,2011
241,IN,PINNACLE HOSPITAL,CROWN POINT,D18,706,2011
242,IN,METHODIST HOSPITALS INC,GARY,A93,702,2011
243,IN,METHODIST HOSPITALS INC,GARY,D31,650,2011
244,IN,PINNACLE HOSPITAL,CROWN POINT,D28,643,2011
245,IN,PINNACLE HOSPITAL,CROWN POINT,I01,577,2011
246,IN,ST MARY MEDICAL CENTER INC,HOBART,P11,571,2011
247,IN,METHODIST HOSPITALS INC,GARY,R82,534,2011
248,IN,ST MARY MEDICAL CENTER INC,HOBART,J01,505,2011
249,IN,ST MARY MEDICAL CENTER INC,HOBART,D33,912,2012
250,IN,METHODIST HOSPITALS INC,GARY,P11,745,2012
251,IN,INDIANA UNIVERSITY HEALTH STARKE HOSPITAL,KNOX,Y07,692,2012
252,IN,ST MARY MEDICAL CENTER INC,HOBART,D31,682,2012
253,IN,PINNACLE HOSPITAL,CROWN POINT,D18,681,2012
254,IN,METHODIST HOSPITALS INC,GARY,A93,650,2012
255,IN,INDIANA UNIVERSITY HEALTH STARKE HOSPITAL,KNOX,D28,578,2012
256,IN,INDIANA UNIVERSITY HEALTH STARKE HOSPITAL,KNOX,I01,554,2012
257,IN,METHODIST HOSPITALS INC,GARY,R82,545,2012
258,IN,METHODIST HOSPITALS INC,GARY,J01,491,2012
259,IN,FRANCISCAN ST ANTHONY HEALTH - MICHIGAN CITY,MICHIGAN CITY,P11,903,2013
260,IN,ST MARY MEDICAL CENTER INC,HOBART,D33,795,2013
261,IN,INDIANA UNIVERSITY HEALTH STARKE HOSPITAL,KNOX,Y07,662,2013
262,IN,INDIANA UNIVERSITY HEALTH STARKE HOSPITAL,KNOX,A93,643,2013
263,IN,FRANCISCAN ST ANTHONY HEALTH - CROWN POINT,CROWN POINT,R82,627,2013
264,IN,METHODIST HOSPITALS INC,GARY,I01,537,2013
265,IN,PINNACLE HOSPITAL,CROWN POINT,D18,535,2013
266,IN,FRANCISCAN ST ANTHONY HEALTH - MICHIGAN CITY,MICHIGAN CITY,D31,517,2013
267,IN,METHODIST HOSPITALS INC,GARY,D11,498,2013
268,IN,FRANCISCAN ST ANTHONY HEALTH - MICHIGAN CITY,MICHIGAN CITY,D22,431,2013
269,KS,COFFEYVILLE REGIONAL MEDICAL CENTER,COFFEYVILLE,R79,59,2011
270,KS,COFFEYVILLE REGIONAL MEDICAL CENTER,COFFEYVILLE,R82,58,2011
271,KS,COFFEYVILLE REGIONAL MEDICAL CENTER,COFFEYVILLE,J01,52,2011
272,KS,COFFEYVILLE REGIONAL MEDICAL CENTER,COFFEYVILLE,P11,51,2011
273,KS,COFFEYVILLE REGIONAL MEDICAL CENTER,COFFEYVILLE,D28,41,2011
274,KS,COFFEYVILLE REGIONAL MEDICAL CENTER,COFFEYVILLE,R76,39,2011
275,KS,COFFEYVILLE REGIONAL MEDICAL CENTER,COFFEYVILLE,J05,35,2011
276,KS,COFFEYVILLE REGIONAL MEDICAL CENTER,COFFEYVILLE,Y07,33,2011
277,KS,COFFEYVILLE REGIONAL MEDICAL CENTER,COFFEYVILLE,D18,29,2011
278,KS,COFFEYVILLE REGIONAL MEDICAL CENTER,COFFEYVILLE,D31,29,2011
279,KS,COFFEYVILLE REGIONAL MEDICAL CENTER,COFFEYVILLE,P11,47,2012
280,KS,COFFEYVILLE REGIONAL MEDICAL CENTER,COFFEYVILLE,J01,46,2012
281,KS,COFFEYVILLE REGIONAL MEDICAL CENTER,COFFEYVILLE,R82,46,2012
282,KS,COFFEYVILLE REGIONAL MEDICAL CENTER,COFFEYVILLE,R79,44,2012
283,KS,COFFEYVILLE REGIONAL MEDICAL CENTER,COFFEYVILLE,D28,37,2012
284,KS,COFFEYVILLE REGIONAL MEDICAL CENTER,COFFEYVILLE,Y07,37,2012
285,KS,COFFEYVILLE REGIONAL MEDICAL CENTER,COFFEYVILLE,P15,33,2012
286,KS,COFFEYVILLE REGIONAL MEDICAL CENTER,COFFEYVILLE,J05,32,2012
287,KS,COFFEYVILLE REGIONAL MEDICAL CENTER,COFFEYVILLE,R76,29,2012
288,KS,COFFEYVILLE REGIONAL MEDICAL CENTER,COFFEYVILLE,A93,28,2012
289,KS,COFFEYVILLE REGIONAL MEDICAL CENTER,COFFEYVILLE,J01,41,2013
290,KS,COFFEYVILLE REGIONAL MEDICAL CENTER,COFFEYVILLE,D33,39,2013
291,KS,COFFEYVILLE REGIONAL MEDICAL CENTER,COFFEYVILLE,P11,36,2013
292,KS,COFFEYVILLE REGIONAL MEDICAL CENTER,COFFEYVILLE,Y07,34,2013
293,KS,COFFEYVILLE REGIONAL MEDICAL CENTER,COFFEYVILLE,D28,33,2013
294,KS,COFFEYVILLE REGIONAL MEDICAL CENTER,COFFEYVILLE,R82,33,2013
295,KS,COFFEYVILLE REGIONAL MEDICAL CENTER,COFFEYVILLE,R76,27,2013
296,KS,COFFEYVILLE REGIONAL MEDICAL CENTER,COFFEYVILLE,A93,24,2013
297,KS,COFFEYVILLE REGIONAL MEDICAL CENTER,COFFEYVILLE,D18,24,2013
298,KS,COFFEYVILLE REGIONAL MEDICAL CENTER,COFFEYVILLE,P15,24,2013
299,LA,LEONARD J CHABERT MEDICAL CENTER,HOUMA,D33,291,2011
300,LA,LEONARD J CHABERT MEDICAL CENTER,HOUMA,Y07,291,2011
301,LA,LEONARD J CHABERT MEDICAL CENTER,HOUMA,D31,231,2011
302,LA,LEONARD J CHABERT MEDICAL CENTER,HOUMA,P11,196,2011
303,LA,LEONARD J CHABERT MEDICAL CENTER,HOUMA,P12,181,2011
304,LA,LEONARD J CHABERT MEDICAL CENTER,HOUMA,D28,169,2011
305,LA,THIBODAUX REGIONAL MEDICAL CENTER,THIBODAUX,A93,166,2011
306,LA,LEONARD J CHABERT MEDICAL CENTER,HOUMA,I02,158,2011
307,LA,LEONARD J CHABERT MEDICAL CENTER,HOUMA,I01,149,2011
308,LA,LEONARD J CHABERT MEDICAL CENTER,HOUMA,D18,142,2011
309,LA,LEONARD J CHABERT MEDICAL CENTER,HOUMA,D33,330,2012
310,LA,LEONARD J CHABERT MEDICAL CENTER,HOUMA,P11,271,2012
311,LA,TECHE REGIONAL MEDICAL CENTER,MORGAN CITY,A93,240,2012
312,LA,LEONARD J CHABERT MEDICAL CENTER,HOUMA,Y07,233,2012
313,LA,TERREBONNE GENERAL MEDICAL CENTER,HOUMA,D31,193,2012
314,LA,LEONARD J CHABERT MEDICAL CENTER,HOUMA,D28,187,2012
315,LA,LEONARD J CHABERT MEDICAL CENTER,HOUMA,P12,186,2012
316,LA,LEONARD J CHABERT MEDICAL CENTER,HOUMA,J01,166,2012
317,LA,LEONARD J CHABERT MEDICAL CENTER,HOUMA,P15,161,2012
318,LA,LEONARD J CHABERT MEDICAL CENTER,HOUMA,D22,151,2012
319,LA,LEONARD J CHABERT MEDICAL CENTER,HOUMA,D33,352,2013
320,LA,LEONARD J CHABERT MEDICAL CENTER,HOUMA,P11,315,2013
321,LA,TERREBONNE GENERAL MEDICAL CENTER,HOUMA,Y07,262,2013
322,LA,LEONARD J CHABERT MEDICAL CENTER,HOUMA,A93,237,2013
323,LA,TERREBONNE GENERAL MEDICAL CENTER,HOUMA,D28,177,2013
324,LA,LEONARD J CHABERT MEDICAL CENTER,HOUMA,J01,173,2013
325,LA,TERREBONNE GENERAL MEDICAL CENTER,HOUMA,D31,171,2013
326,LA,LEONARD J CHABERT MEDICAL CENTER,HOUMA,D22,166,2013
327,LA,LEONARD J CHABERT MEDICAL CENTER,HOUMA,P12,165,2013
328,LA,LEONARD J CHABERT MEDICAL CENTER,HOUMA,P15,154,2013
329,MI,MCLAREN FLINT,FLINT,P11,1265,2011
330,MI,LAPEER REGIONAL MEDICAL CENTER,LAPEER,D33,824,2011
331,MI,MCLAREN FLINT,FLINT,A93,787,2011
332,MI,MCLAREN FLINT,FLINT,Y07,516,2011
333,MI,MCLAREN FLINT,FLINT,D18,515,2011
334,MI,MCLAREN FLINT,FLINT,R82,510,2011
335,MI,MCLAREN FLINT,FLINT,D20,476,2011
336,MI,MCLAREN FLINT,FLINT,D11,439,2011
337,MI,MCLAREN FLINT,FLINT,F90,438,2011
338,MI,MCLAREN FLINT,FLINT,J05,390,2011
339,MI,MCLAREN FLINT,FLINT,P11,1356,2012
340,MI,MCLAREN FLINT,FLINT,A93,791,2012
341,MI,MCLAREN LAPEER REGION,LAPEER,D33,754,2012
342,MI,MCLAREN FLINT,FLINT,D20,507,2012
343,MI,MCLAREN FLINT,FLINT,Y07,507,2012
344,MI,MCLAREN FLINT,FLINT,D11,487,2012
345,MI,MCLAREN FLINT,FLINT,R82,487,2012
346,MI,MCLAREN FLINT,FLINT,D18,483,2012
347,MI,MCLAREN FLINT,FLINT,I01,418,2012
348,MI,MCLAREN FLINT,FLINT,F90,367,2012
349,MI,MCLAREN FLINT,FLINT,P11,1413,2013
350,MI,MCLAREN FLINT,FLINT,A93,846,2013
351,MI,MCLAREN LAPEER REGION,LAPEER,D33,831,2013
352,MI,MCLAREN FLINT,FLINT,D20,574,2013
353,MI,MCLAREN FLINT,FLINT,Y07,502,2013
354,MI,MCLAREN FLINT,FLINT,D11,499,2013
355,MI,MCLAREN FLINT,FLINT,R82,481,2013
356,MI,MCLAREN FLINT,FLINT,D18,465,2013
357,MI,MCLAREN FLINT,FLINT,I01,390,2013
358,MI,MCLAREN FLINT,FLINT,F90,350,2013
359,ND,TRINITY HOSPITALS,MINOT,D33,252,2011
360,ND,TRINITY HOSPITALS,MINOT,P11,90,2011
361,ND,TRINITY HOSPITALS,MINOT,J01,81,2011
362,ND,TRINITY HOSPITALS,MINOT,D60,62,2011
363,ND,TRINITY HOSPITALS,MINOT,Y07,59,2011
364,ND,TRINITY HOSPITALS,MINOT,D23,55,2011
365,ND,TRINITY HOSPITALS,MINOT,J05,55,2011
366,ND,TRINITY HOSPITALS,MINOT,A93,52,2011
367,ND,TRINITY HOSPITALS,MINOT,D31,49,2011
368,ND,TRINITY HOSPITALS,MINOT,R82,48,2011
369,ND,TRINITY HOSPITALS,MINOT,D33,226,2012
370,ND,TRINITY HOSPITALS,MINOT,J01,115,2012
371,ND,TRINITY HOSPITALS,MINOT,D60,87,2012
372,ND,TRINITY HOSPITALS,MINOT,P11,84,2012
373,ND,TRINITY HOSPITALS,MINOT,J05,76,2012
374,ND,TRINITY HOSPITALS,MINOT,R82,61,2012
375,ND,TRINITY HOSPITALS,MINOT,R78,59,2012
376,ND,TRINITY HOSPITALS,MINOT,Y07,55,2012
377,ND,TRINITY HOSPITALS,MINOT,D11,50,2012
378,ND,TRINITY HOSPITALS,MINOT,F53,49,2012
379,ND,TRINITY HOSPITALS,MINOT,D33,193,2013
380,ND,TRINITY HOSPITALS,MINOT,J01,102,2013
381,ND,TRINITY HOSPITALS,MINOT,P11,82,2013
382,ND,TRINITY HOSPITALS,MINOT,R78,79,2013
383,ND,TRINITY HOSPITALS,MINOT,J05,60,2013
384,ND,TRINITY HOSPITALS,MINOT,D23,59,2013
385,ND,TRINITY HOSPITALS,MINOT,D60,58,2013
386,ND,TRINITY HOSPITALS,MINOT,R93,56,2013
387,ND,TRINITY HOSPITALS,MINOT,D11,54,2013
388,ND,TRINITY HOSPITALS,MINOT,A93,48,2013
389,NE,NEBRASKA ORTHOPAEDIC HOSPITAL,OMAHA,D33,2688,2011
390,NE,COLUMBUS COMMUNITY HOSPITAL,COLUMBUS,J01,941,2011
391,NE,ALEGENT HEALTH IMMANUEL MEDICAL CENTER,OMAHA,T79,924,2011
392,NE,COLUMBUS COMMUNITY HOSPITAL,COLUMBUS,D18,837,2011
393,NE,COLUMBUS COMMUNITY HOSPITAL,COLUMBUS,P11,831,2011
394,NE,COLUMBUS COMMUNITY HOSPITAL,COLUMBUS,Y07,696,2011
395,NE,COLUMBUS COMMUNITY HOSPITAL,COLUMBUS,D28,607,2011
396,NE,COLUMBUS COMMUNITY HOSPITAL,COLUMBUS,D31,604,2011
397,NE,COLUMBUS COMMUNITY HOSPITAL,COLUMBUS,R82,555,2011
398,NE,FAITH REGIONAL HEALTH SERVICES,NORFOLK,D11,519,2011
399,NE,COLUMBUS COMMUNITY HOSPITAL,COLUMBUS,I01,519,2011
400,NE,NEBRASKA ORTHOPAEDIC HOSPITAL,OMAHA,D33,2687,2012
401,NE,COLUMBUS COMMUNITY HOSPITAL,COLUMBUS,P11,959,2012
402,NE,ALEGENT HEALTH IMMANUEL MEDICAL CENTER,OMAHA,T79,891,2012
403,NE,COLUMBUS COMMUNITY HOSPITAL,COLUMBUS,D18,765,2012
404,NE,COLUMBUS COMMUNITY HOSPITAL,COLUMBUS,J01,721,2012
405,NE,COLUMBUS COMMUNITY HOSPITAL,COLUMBUS,Y07,625,2012
406,NE,COLUMBUS COMMUNITY HOSPITAL,COLUMBUS,D31,596,2012
407,NE,FAITH REGIONAL HEALTH SERVICES,NORFOLK,D11,552,2012
408,NE,COLUMBUS COMMUNITY HOSPITAL,COLUMBUS,F53,532,2012
409,NE,FAITH REGIONAL HEALTH SERVICES,NORFOLK,A93,505,2012
410,NE,NEBRASKA ORTHOPAEDIC HOSPITAL,OMAHA,D33,2751,2013
411,NE,COLUMBUS COMMUNITY HOSPITAL,COLUMBUS,P11,1279,2013
412,NE,THE NEBRASKA METHODIST HOSPITAL,OMAHA,T79,916,2013
413,NE,COLUMBUS COMMUNITY HOSPITAL,COLUMBUS,D18,720,2013
414,NE,COLUMBUS COMMUNITY HOSPITAL,COLUMBUS,J01,689,2013
415,NE,COLUMBUS COMMUNITY HOSPITAL,COLUMBUS,Y07,663,2013
416,NE,COLUMBUS COMMUNITY HOSPITAL,COLUMBUS,F53,553,2013
417,NE,COLUMBUS COMMUNITY HOSPITAL,COLUMBUS,D31,545,2013
418,NE,COLUMBUS COMMUNITY HOSPITAL,COLUMBUS,D11,536,2013
419,NE,COLUMBUS COMMUNITY HOSPITAL,COLUMBUS,R82,506,2013
420,NV,RENOWN SOUTH MEADOWS MEDICAL CENTER,RENO,D33,1006,2011
421,NV,RENOWN SOUTH MEADOWS MEDICAL CENTER,RENO,P11,502,2011
422,NV,BANNER CHURCHILL COMMUNITY HOSPITAL,FALLON,D18,437,2011
423,NV,SAINT MARY'S REGIONAL MEDICAL CENTER,RENO,J01,398,2011
424,NV,BANNER CHURCHILL COMMUNITY HOSPITAL,FALLON,D31,397,2011
425,NV,SIERRA SURGERY HOSPITAL,CARSON CITY,D32,357,2011
426,NV,SAINT MARY'S REGIONAL MEDICAL CENTER,RENO,Y07,336,2011
427,NV,BANNER CHURCHILL COMMUNITY HOSPITAL,FALLON,I02,290,2011
428,NV,RENOWN SOUTH MEADOWS MEDICAL CENTER,RENO,R82,284,2011
429,NV,CARSON TAHOE REGIONAL MEDICAL CENTER,CARSON CITY,D11,267,2011
430,NV,RENOWN SOUTH MEADOWS MEDICAL CENTER,RENO,D33,910,2012
431,NV,BANNER CHURCHILL COMMUNITY HOSPITAL,FALLON,P11,650,2012
432,NV,BANNER CHURCHILL COMMUNITY HOSPITAL,FALLON,D31,411,2012
433,NV,SAINT MARY'S REGIONAL MEDICAL CENTER,RENO,J01,400,2012
434,NV,CARSON TAHOE REGIONAL MEDICAL CENTER,CARSON CITY,D11,353,2012
435,NV,BANNER CHURCHILL COMMUNITY HOSPITAL,FALLON,D18,347,2012
436,NV,RENOWN REGIONAL MEDICAL CENTER,RENO,D32,341,2012
437,NV,SAINT MARY'S REGIONAL MEDICAL CENTER,RENO,Y07,329,2012
438,NV,SAINT MARY'S REGIONAL MEDICAL CENTER,RENO,R82,301,2012
439,NV,BANNER CHURCHILL COMMUNITY HOSPITAL,FALLON,D22,280,2012
440,NV,RENOWN SOUTH MEADOWS MEDICAL CENTER,RENO,D33,1082,2013
441,NV,SAINT MARY'S REGIONAL MEDICAL CENTER,RENO,P11,874,2013
442,NV,SAINT MARY'S REGIONAL MEDICAL CENTER,RENO,D18,489,2013
443,NV,BANNER CHURCHILL COMMUNITY HOSPITAL,FALLON,D31,386,2013
444,NV,SOUTH LYON MEDICAL CENTER,YERINGTON,J01,384,2013
445,NV,RENOWN REGIONAL MEDICAL CENTER,RENO,D32,383,2013
446,NV,SAINT MARY'S REGIONAL MEDICAL CENTER,RENO,R82,313,2013
447,NV,BANNER CHURCHILL COMMUNITY HOSPITAL,FALLON,Y07,302,2013
448,NV,BANNER CHURCHILL COMMUNITY HOSPITAL,FALLON,D22,298,2013
449,NV,BANNER CHURCHILL COMMUNITY HOSPITAL,FALLON,P15,291,2013
450,NY,BRONX-LEBANON HOSPITAL CENTER,BRONX,P11,1692,2011
451,NY,LINCOLN MEDICAL & MENTAL HEALTH CENTER,BRONX,D18,1207,2011
452,NY,LINCOLN MEDICAL & MENTAL HEALTH CENTER,BRONX,G81,1035,2011
453,NY,LINCOLN MEDICAL & MENTAL HEALTH CENTER,BRONX,F90,929,2011
454,NY,LINCOLN MEDICAL & MENTAL HEALTH CENTER,BRONX,Y07,863,2011
455,NY,BRONX-LEBANON HOSPITAL CENTER,BRONX,A93,748,2011
456,NY,WOMAN'S CHRISTIAN ASSOCIATION,JAMESTOWN,D31,714,2011
457,NY,LINCOLN MEDICAL & MENTAL HEALTH CENTER,BRONX,J01,615,2011
458,NY,LINCOLN MEDICAL & MENTAL HEALTH CENTER,BRONX,D28,550,2011
459,NY,LINCOLN MEDICAL & MENTAL HEALTH CENTER,BRONX,D22,547,2011
460,NY,BRONX-LEBANON HOSPITAL CENTER,BRONX,P11,1615,2012
461,NY,BRONX-LEBANON HOSPITAL CENTER,BRONX,D18,926,2012
462,NY,LINCOLN MEDICAL & MENTAL HEALTH CENTER,BRONX,G81,809,2012
463,NY,BRONX-LEBANON HOSPITAL CENTER,BRONX,A93,797,2012
464,NY,LINCOLN MEDICAL & MENTAL HEALTH CENTER,BRONX,F90,782,2012
465,NY,BRONX-LEBANON HOSPITAL CENTER,BRONX,Y07,772,2012
466,NY,CORNING HOSPITAL,CORNING,D31,640,2012
467,NY,CORNING HOSPITAL,CORNING,D11,548,2012
468,NY,CORNING HOSPITAL,CORNING,P15,489,2012
469,NY,CORNING HOSPITAL,CORNING,D20,482,2012
470,NY,WOMAN'S CHRISTIAN ASSOCIATION,JAMESTOWN,P11,1732,2013
471,NY,LINCOLN MEDICAL & MENTAL HEALTH CENTER,BRONX,D18,836,2013
472,NY,WOMAN'S CHRISTIAN ASSOCIATION,JAMESTOWN,A93,716,2013
473,NY,LINCOLN MEDICAL & MENTAL HEALTH CENTER,BRONX,F90,706,2013
474,NY,WOMAN'S CHRISTIAN ASSOCIATION,JAMESTOWN,Y07,704,2013
475,NY,LINCOLN MEDICAL & MENTAL HEALTH CENTER,BRONX,G81,607,2013
476,NY,WOMAN'S CHRISTIAN ASSOCIATION,JAMESTOWN,D31,586,2013
477,NY,JACOBI MEDICAL CENTER,BRONX,D33,532,2013
478,NY,WOMAN'S CHRISTIAN ASSOCIATION,JAMESTOWN,D11,494,2013
479,NY,WOMAN'S CHRISTIAN ASSOCIATION,JAMESTOWN,D22,490,2013
480,OH,CRYSTAL CLINIC ORTHOPAEDIC CENTER,AKRON,D33,883,2011
481,OH,ROBINSON MEMORIAL HOSPITAL,RAVENNA,D18,789,2011
482,OH,ROBINSON MEMORIAL HOSPITAL,RAVENNA,P11,669,2011
483,OH,ROBINSON MEMORIAL HOSPITAL,RAVENNA,A93,571,2011
484,OH,ROBINSON MEMORIAL HOSPITAL,RAVENNA,D31,557,2011
485,OH,ROBINSON MEMORIAL HOSPITAL,RAVENNA,Y07,527,2011
486,OH,ROBINSON MEMORIAL HOSPITAL,RAVENNA,D28,436,2011
487,OH,ROBINSON MEMORIAL HOSPITAL,RAVENNA,R82,427,2011
488,OH,ROBINSON MEMORIAL HOSPITAL,RAVENNA,J05,411,2011
489,OH,ROBINSON MEMORIAL HOSPITAL,RAVENNA,J01,410,2011
490,OH,CRYSTAL CLINIC ORTHOPAEDIC CENTER,AKRON,D33,917,2012
491,OH,SUMMA WADSWORTH-RITTMAN HOSPITAL,WADSWORTH,P11,761,2012
492,OH,ROBINSON MEMORIAL HOSPITAL,RAVENNA,D18,688,2012
493,OH,ROBINSON MEMORIAL HOSPITAL,RAVENNA,D31,559,2012
494,OH,AKRON GENERAL MEDICAL CENTER,AKRON,A93,513,2012
495,OH,ROBINSON MEMORIAL HOSPITAL,RAVENNA,J05,496,2012
496,OH,AKRON GENERAL MEDICAL CENTER,AKRON,Y07,454,2012
497,OH,ROBINSON MEMORIAL HOSPITAL,RAVENNA,J01,445,2012
498,OH,AKRON GENERAL MEDICAL CENTER,AKRON,R82,426,2012
499,OH,ROBINSON MEMORIAL HOSPITAL,RAVENNA,G81,422,2012
500,OH,CRYSTAL CLINIC ORTHOPAEDIC CENTER,AKRON,D33,849,2013
501,OH,ROBINSON MEMORIAL HOSPITAL,RAVENNA,P11,743,2013
502,OH,ROBINSON MEMORIAL HOSPITAL,RAVENNA,D18,545,2013
503,OH,AKRON GENERAL MEDICAL CENTER,AKRON,A93,513,2013
504,OH,AKRON GENERAL MEDICAL CENTER,AKRON,J05,480,2013
505,OH,ROBINSON MEMORIAL HOSPITAL,RAVENNA,D31,473,2013
506,OH,AKRON GENERAL MEDICAL CENTER,AKRON,R82,431,2013
507,OH,AKRON GENERAL MEDICAL CENTER,AKRON,Y07,423,2013
508,OH,AKRON GENERAL MEDICAL CENTER,AKRON,J01,398,2013
509,OH,ROBINSON MEMORIAL HOSPITAL,RAVENNA,R78,359,2013
510,OK,TAHLEQUAH CITY HOSPITAL,TAHLEQUAH,D33,2653,2011
511,OK,MEMORIAL HOSPITAL OF STILWELL,STILWELL,P11,1884,2011
512,OK,W W HASTINGS INDIAN HOSPITAL,TAHLEQUAH,J01,1269,2011
513,OK,MEMORIAL HOSPITAL OF STILWELL,STILWELL,D18,1186,2011
514,OK,MEMORIAL HOSPITAL OF STILWELL,STILWELL,Y07,1073,2011
515,OK,CRAIG GENERAL HOSPITAL,VINITA,G81,1021,2011
516,OK,MEMORIAL HOSPITAL OF STILWELL,STILWELL,D31,991,2011
517,OK,MEMORIAL HOSPITAL OF STILWELL,STILWELL,D28,935,2011
518,OK,MEMORIAL HOSPITAL OF STILWELL,STILWELL,I01,906,2011
519,OK,MEMORIAL HOSPITAL OF STILWELL,STILWELL,I02,825,2011
520,OK,TAHLEQUAH CITY HOSPITAL,TAHLEQUAH,D33,2580,2012
521,OK,MEMORIAL HOSPITAL OF STILWELL,STILWELL,P11,1778,2012
522,OK,W W HASTINGS INDIAN HOSPITAL,TAHLEQUAH,J01,1189,2012
523,OK,MEMORIAL HOSPITAL OF STILWELL,STILWELL,D18,1154,2012
524,OK,MEMORIAL HOSPITAL OF STILWELL,STILWELL,Y07,1097,2012
525,OK,MEMORIAL HOSPITAL OF STILWELL,STILWELL,D31,1008,2012
526,OK,WAGONER COMMUNITY HOSPITAL,WAGONER,G81,893,2012
527,OK,MEMORIAL HOSPITAL OF STILWELL,STILWELL,D28,867,2012
528,OK,MEMORIAL HOSPITAL OF STILWELL,STILWELL,I01,861,2012
529,OK,MEMORIAL HOSPITAL OF STILWELL,STILWELL,I02,752,2012
530,OK,STILLWATER MEDICAL CENTER,STILLWATER,D33,2831,2013
531,OK,MEMORIAL HOSPITAL OF STILWELL,STILWELL,P11,2025,2013
532,OK,MEMORIAL HOSPITAL OF STILWELL,STILWELL,J01,1167,2013
533,OK,MEMORIAL HOSPITAL OF STILWELL,STILWELL,D18,1159,2013
534,OK,MEMORIAL HOSPITAL OF STILWELL,STILWELL,Y07,1140,2013
535,OK,MEMORIAL HOSPITAL OF STILWELL,STILWELL,D31,977,2013
536,OK,MEMORIAL HOSPITAL OF STILWELL,STILWELL,I01,799,2013
537,OK,TAHLEQUAH CITY HOSPITAL,TAHLEQUAH,D11,795,2013
538,OK,MEMORIAL HOSPITAL OF STILWELL,STILWELL,R82,778,2013
539,OK,TAHLEQUAH CITY HOSPITAL,TAHLEQUAH,G81,732,2013
540,OR,SANTIAM MEMORIAL HOSPITAL,STAYTON,D33,914,2011
541,OR,"ST ALPHONSUS MEDICAL CENTER - ONTARIO, INC",ONTARIO,P11,314,2011
542,OR,ST CHARLES MEDICAL CENTER - REDMOND,REDMOND,J01,233,2011
543,OR,ST CHARLES MEDICAL CENTER - REDMOND,REDMOND,Y07,201,2011
544,OR,SANTIAM MEMORIAL HOSPITAL,STAYTON,F53,187,2011
545,OR,SANTIAM MEMORIAL HOSPITAL,STAYTON,D31,183,2011
546,OR,ST CHARLES MEDICAL CENTER - BEND,BEND,D16,157,2011
547,OR,"ST ALPHONSUS MEDICAL CENTER - ONTARIO, INC",ONTARIO,D18,149,2011
548,OR,ST CHARLES MEDICAL CENTER - BEND,BEND,A97,131,2011
549,OR,SANTIAM MEMORIAL HOSPITAL,STAYTON,D28,131,2011
550,OR,SALEM HOSPITAL,SALEM,D33,986,2012
551,OR,"ST ALPHONSUS MEDICAL CENTER - ONTARIO, INC",ONTARIO,P11,370,2012
552,OR,SALEM HOSPITAL,SALEM,J01,198,2012
553,OR,"ST ALPHONSUS MEDICAL CENTER - ONTARIO, INC",ONTARIO,F53,178,2012
554,OR,"ST ALPHONSUS MEDICAL CENTER - ONTARIO, INC",ONTARIO,Y07,168,2012
555,OR,ST CHARLES MEDICAL CENTER - BEND,BEND,D16,150,2012
556,OR,"ST ALPHONSUS MEDICAL CENTER - ONTARIO, INC",ONTARIO,P15,148,2012
557,OR,SANTIAM MEMORIAL HOSPITAL,STAYTON,D31,141,2012
558,OR,"ST ALPHONSUS MEDICAL CENTER - ONTARIO, INC",ONTARIO,D23,140,2012
559,OR,SALEM HOSPITAL,SALEM,D32,121,2012
560,OR,SANTIAM MEMORIAL HOSPITAL,STAYTON,D33,992,2013
561,OR,SANTIAM MEMORIAL HOSPITAL,STAYTON,P11,550,2013
562,OR,ST CHARLES MEDICAL CENTER - REDMOND,REDMOND,J01,182,2013
563,OR,SALEM HOSPITAL,SALEM,Y07,174,2013
564,OR,SALEM HOSPITAL,SALEM,F53,163,2013
565,OR,ST CHARLES MEDICAL CENTER - REDMOND,REDMOND,D18,161,2013
566,OR,SALEM HOSPITAL,SALEM,P15,161,2013
567,OR,SALEM HOSPITAL,SALEM,D23,139,2013
568,OR,SALEM HOSPITAL,SALEM,R93,137,2013
569,OR,"ST ALPHONSUS MEDICAL CENTER - ONTARIO, INC",ONTARIO,A93,134,2013
570,PA,TITUSVILLE HOSPITAL,TITUSVILLE,D33,1800,2011
571,PA,TITUSVILLE HOSPITAL,TITUSVILLE,P11,1608,2011
572,PA,TITUSVILLE HOSPITAL,TITUSVILLE,Y07,1098,2011
573,PA,TITUSVILLE HOSPITAL,TITUSVILLE,D18,991,2011
574,PA,TITUSVILLE HOSPITAL,TITUSVILLE,J01,885,2011
575,PA,BRADFORD REGIONAL MEDICAL CENTER,BRADFORD,D11,850,2011
576,PA,TITUSVILLE HOSPITAL,TITUSVILLE,A93,843,2011
577,PA,TITUSVILLE HOSPITAL,TITUSVILLE,D31,821,2011
578,PA,TITUSVILLE HOSPITAL,TITUSVILLE,R82,733,2011
579,PA,TITUSVILLE HOSPITAL,TITUSVILLE,I01,719,2011
580,PA,TITUSVILLE HOSPITAL,TITUSVILLE,D33,1895,2012
581,PA,TITUSVILLE HOSPITAL,TITUSVILLE,P11,1745,2012
582,PA,ELK REGIONAL HEALTH CENTER,SAINT MARYS,Y07,968,2012
583,PA,UPMC NORTHWEST,SENECA,D18,904,2012
584,PA,TITUSVILLE HOSPITAL,TITUSVILLE,A93,871,2012
585,PA,TITUSVILLE HOSPITAL,TITUSVILLE,J01,830,2012
586,PA,TITUSVILLE HOSPITAL,TITUSVILLE,D11,815,2012
587,PA,BRADFORD REGIONAL MEDICAL CENTER,BRADFORD,D31,815,2012
588,PA,TITUSVILLE HOSPITAL,TITUSVILLE,P15,779,2012
589,PA,TITUSVILLE HOSPITAL,TITUSVILLE,F53,701,2012
590,PA,TITUSVILLE HOSPITAL,TITUSVILLE,P11,1971,2013
591,PA,TITUSVILLE HOSPITAL,TITUSVILLE,D33,1872,2013
592,PA,TITUSVILLE HOSPITAL,TITUSVILLE,Y07,976,2013
593,PA,TITUSVILLE HOSPITAL,TITUSVILLE,J01,974,2013
594,PA,TITUSVILLE HOSPITAL,TITUSVILLE,A93,890,2013
595,PA,TITUSVILLE HOSPITAL,TITUSVILLE,D18,851,2013
596,PA,TITUSVILLE HOSPITAL,TITUSVILLE,P15,778,2013
597,PA,BRADFORD REGIONAL MEDICAL CENTER,BRADFORD,D11,753,2013
598,PA,TITUSVILLE HOSPITAL,TITUSVILLE,R82,715,2013
599,PA,TITUSVILLE HOSPITAL,TITUSVILLE,D31,701,2013
600,TX,"PHYSICIANS CENTRE,THE",BRYAN,D33,999,2011
601,TX,HAMILTON GENERAL HOSPITAL,HAMILTON,P11,964,2011
602,TX,HAMILTON GENERAL HOSPITAL,HAMILTON,J01,919,2011
603,TX,HAMILTON GENERAL HOSPITAL,HAMILTON,Y07,894,2011
604,TX,LAKE WHITNEY MEDICAL CENTER,WHITNEY,D31,830,2011
605,TX,HAMILTON GENERAL HOSPITAL,HAMILTON,A93,742,2011
606,TX,LAKE WHITNEY MEDICAL CENTER,WHITNEY,D18,669,2011
607,TX,LAKE WHITNEY MEDICAL CENTER,WHITNEY,R82,599,2011
608,TX,TITUS REGIONAL MEDICAL CENTER,MOUNT PLEASANT,D11,563,2011
609,TX,LAKE WHITNEY MEDICAL CENTER,WHITNEY,T79,543,2011
610,TX,"PHYSICIANS CENTRE,THE",BRYAN,D33,1799,2012
611,TX,LAKE WHITNEY MEDICAL CENTER,WHITNEY,P11,1680,2012
612,TX,COZBY-GERMANY HOSPITAL,GRAND SALINE,J01,1020,2012
613,TX,LAKE WHITNEY MEDICAL CENTER,WHITNEY,D31,1005,2012
614,TX,HAMILTON GENERAL HOSPITAL,HAMILTON,Y07,948,2012
615,TX,HAMILTON GENERAL HOSPITAL,HAMILTON,A93,847,2012
616,TX,LAKE WHITNEY MEDICAL CENTER,WHITNEY,D18,819,2012
617,TX,TITUS REGIONAL MEDICAL CENTER,MOUNT PLEASANT,D11,712,2012
618,TX,LAKE WHITNEY MEDICAL CENTER,WHITNEY,R82,695,2012
619,TX,HAMILTON GENERAL HOSPITAL,HAMILTON,D28,687,2012
620,TX,"PHYSICIANS CENTRE,THE",BRYAN,D33,2020,2013
621,TX,HAMILTON GENERAL HOSPITAL,HAMILTON,P11,1813,2013
622,TX,LAKE WHITNEY MEDICAL CENTER,WHITNEY,J01,1076,2013
623,TX,HAMILTON GENERAL HOSPITAL,HAMILTON,A93,917,2013
624,TX,HAMILTON GENERAL HOSPITAL,HAMILTON,Y07,902,2013
625,TX,LAKE WHITNEY MEDICAL CENTER,WHITNEY,D31,838,2013
626,TX,LAKE WHITNEY MEDICAL CENTER,WHITNEY,D18,788,2013
627,TX,COZBY GERMANY HOSPITAL,GRAND SALINE,J05,772,2013
628,TX,TITUS REGIONAL MEDICAL CENTER,MOUNT PLEASANT,D11,741,2013
629,TX,LAKE WHITNEY MEDICAL CENTER,WHITNEY,R82,707,2013
630,UT,MCKAY DEE HOSPITAL CENTER,OGDEN,D33,522,2012
631,UT,MCKAY DEE HOSPITAL CENTER,OGDEN,P11,359,2012
632,UT,MCKAY DEE HOSPITAL CENTER,OGDEN,D11,137,2012
633,UT,MCKAY DEE HOSPITAL CENTER,OGDEN,J01,120,2012
634,UT,MCKAY DEE HOSPITAL CENTER,OGDEN,D60,115,2012
635,UT,MCKAY DEE HOSPITAL CENTER,OGDEN,F53,113,2012
636,UT,MCKAY DEE HOSPITAL CENTER,OGDEN,P15,105,2012
637,UT,DAVIS HOSPITAL AND MEDICAL CENTER,LAYTON,D32,90,2012
638,UT,MCKAY DEE HOSPITAL CENTER,OGDEN,J05,88,2012
639,UT,MCKAY DEE HOSPITAL CENTER,OGDEN,Y07,88,2012
640,UT,MCKAY DEE HOSPITAL,OGDEN,D33,557,2013
641,UT,MCKAY DEE HOSPITAL,OGDEN,P11,384,2013
642,UT,MCKAY DEE HOSPITAL,OGDEN,P15,140,2013
643,UT,MCKAY DEE HOSPITAL,OGDEN,Y07,97,2013
644,UT,MCKAY DEE HOSPITAL,OGDEN,J01,95,2013
645,UT,MCKAY DEE HOSPITAL,OGDEN,D11,92,2013
646,UT,MCKAY DEE HOSPITAL,OGDEN,F53,87,2013
647,UT,MCKAY DEE HOSPITAL,OGDEN,R93,86,2013
648,UT,MCKAY DEE HOSPITAL,OGDEN,D32,82,2013
649,UT,MCKAY DEE HOSPITAL,OGDEN,D60,74,2013
